ID,Type,UGS,Nom,Publié,"Mis en avant ?","Visibilité dans le catalogue","Description courte",Description,"Date de début de promo","Date de fin de promo","État de la TVA","Classe TVA","En stock ?",Stock,"Montant de stock faible","Autoriser les commandes de produits en rupture ?","Vendre individuellement ?","Poids (g)","Longueur (mm)","Largeur (mm)","Hauteur (mm)","Autoriser les avis clients ?","Note de l'achat","Tarif promo","Tarif régulier",Catégories,Étiquettes,"Classe de livraison",Images,"Limite de téléchargement","Jours d'expiration du téléchargement",Parent,"Groupes de produits","Montée en gamme","Ventes croisées","URL externe","Libellé du bouton",Position
389,simple,,"costume bleu nuit",1,0,visible,"c'est une description courte du produit","Veste de costume bleu glacier. Coupe <u class=""js-lex-click"" data-lex=""slim"">Slim</u>. Pantalon de costume <u class=""js-lex-click"" data-lex=""slim"">Slim</u> bleu glacier. Il dispose de deux poches italiennes sur le devant et de deux poches boutonnées au dos.",,,taxable,,1,,,0,0,,,,,1,,120,150,costumes,Jules,,"http://localhost/maboutique/wp-content/uploads/2019/06/costume_bleu_nuit_boutica-1.jpg, http://localhost/maboutique/wp-content/uploads/2019/06/costume_bleu_nuit_boutica-2.jpg, http://localhost/maboutique/wp-content/uploads/2019/06/costume_bleu_nuit_boutica-3.jpg, http://localhost/maboutique/wp-content/uploads/2019/06/costume_bleu_nuit_boutica-4.jpg, http://localhost/maboutique/wp-content/uploads/2019/06/costume_bleu_nuit_boutica-5.jpg",,,,,,,,,0
393,simple,,"costume 2",1,0,visible,"ceci est une petite description aussiiiiii","ceci est un costume bleu de la marque jules ; on vous le présente dans notre boutique à un prix imbatable",,,taxable,,1,,,0,0,,,,,1,,130,150,costumes,,,"http://localhost/maboutique/wp-content/uploads/2019/06/712307_8000_V5-1.jpg, http://localhost/maboutique/wp-content/uploads/2019/06/712307_8000_V5-1.jpg",,,,,,,,,0
408,simple,,"COSTUME À CARREAUX",1,0,visible,"ceci est un costume à carreaux très jolie pour être élégant","Veste de costume <u class=""js-lex-click"" data-lex=""extraslim"">Extra Slim</u> grise à carreaux. Elle dispose de trois poches sur le devant dont une poche poitrine et de deux poches intérieures. Pantalon de costume gris à carreaux. Coupe <u class=""js-lex-click"" data-lex=""extraslim"">Extra Slim</u>. <span class=""shortener-hidden"">Il dispose de deux poches italiennes sur le devant et de deux poches boutonnées au dos. </span>",,,taxable,,1,,,0,0,,,,,1,,,125,costumes,Jules,,"http://localhost/maboutique/wp-content/uploads/2019/06/712317-8070-V5.jpg, http://localhost/maboutique/wp-content/uploads/2019/06/712317-8070-V5.jpg, http://localhost/maboutique/wp-content/uploads/2019/06/712317-8070-V2.jpg, http://localhost/maboutique/wp-content/uploads/2019/06/712317-8070-V1.jpg",,,,,,,,,0
413,simple,,"COSTUME FLANELLE",1,0,visible,"un jolie costume pour les fêtes et les grands événements","Veste de costume flanelle grise. Coupe <u class=""js-lex-click"" data-lex=""extraslim"">Extra Slim</u>. Elle dispose de deux poches rabats et d'une poche poitrine sur le devant. Pratique, elle comporte également deux poches intérieures. Pantalon de cos<span class=""shortener-hidden"">tume flanelle gris. Coupe <u class=""js-lex-click"" data-lex=""extraslim"">Extra Slim</u>. Il dispose de deux poches italiennes sur le devant et de deux poches boutonnées au dos.</span>",,,taxable,,1,,,0,0,,,,,1,,,144,costumes,Jules,,"http://localhost/maboutique/wp-content/uploads/2019/06/712307-8000-V5.jpg, http://localhost/maboutique/wp-content/uploads/2019/06/712307-8000-V3.jpg, http://localhost/maboutique/wp-content/uploads/2019/06/712307-8000-V2.jpg, http://localhost/maboutique/wp-content/uploads/2019/06/712307-8000-V6.jpg",,,,,,,,,0
419,simple,,"COSTUME NOIR",1,0,visible,"le costume noir tres jolie","Veste de costume premier prix noir. Coupe <u class=""js-lex-click"" data-lex=""slim"">Slim</u>. Elle dispose de trois poches sur le devant et de trois poches intérieures dont une poche ticket. Cette veste contient de l'élasthanne pour plus de conf<span class=""shortener-hidden"">ort. Pantalon de costume premier prix noir. Coupe <u class=""js-lex-click"" data-lex=""slim"">Slim</u>. Il dispose de deux poches italiennes sur le devant avec poche ticket cousue à l'intérieur et de deux poches boutonnées au dos. </span>",,,taxable,,1,,,0,0,,,,,1,,,128,costumes,Jules,,"http://localhost/maboutique/wp-content/uploads/2019/06/712303-9020-V1.jpg, http://localhost/maboutique/wp-content/uploads/2019/06/712304-9020-V2.jpg, http://localhost/maboutique/wp-content/uploads/2019/06/712304-9020-V4.jpg",,,,,,,,,0
425,simple,,"COSTUME EXTRA SLIM",1,0,visible,"Le costume extra slim très jolie","Veste de costume gris clair avec découpe col. Coupe <u class=""js-lex-click"" data-lex=""slim"">Slim</u>. Elle dispose de trois poches sur le devant dont une poche poitrine et de poches intérieures. Pantalon de costume <u class=""js-lex-click"" data-lex=""extraslim"">Extra Slim</u> gris clair. Il di<span class=""shortener-hidden"">spose de deux poches italiennes sur le devant et de deux poches au dos. </span>",,,taxable,,1,,,0,0,,,,,1,,,133,costumes,Jules,,"http://localhost/maboutique/wp-content/uploads/2019/06/715109-8041-V5.jpg, http://localhost/maboutique/wp-content/uploads/2019/06/715109-8041-V3.jpg, http://localhost/maboutique/wp-content/uploads/2019/06/715109-8041-V1.jpg, http://localhost/maboutique/wp-content/uploads/2019/06/715109-8041-V5.jpg",,,,,,,,,0
429,simple,,"COSTUME BLEU ARMANI",1,0,visible,"petite description de ce produit costume bleu armani","<div class=""compositionInfo""><span class=""label"">Composition</span> <span class=""text"">96% laine vierge, 4% Élasthanne</span></div>\n<div class=""detailsInfo"">\n<ul>\n 	<li>Serge de laine</li>\n 	<li>Pinces</li>\n 	<li>Manches longues</li>\n 	<li>Fermeture avec fermeture éclair et agrafes</li>\n 	<li>2 boutons</li>\n 	<li>Double fente postérieure</li>\n 	<li>Trois poches avant</li>\n 	<li>Trois poches intérieures</li>\n 	<li>Intérieur entièrement doublé</li>\n 	<li>Col avec revers</li>\n 	<li>Taille basse</li>\n 	<li>Cinq poches</li>\n</ul>\n</div>",,,taxable,,1,,,0,0,,,,,1,,,1100,costumes,Armani,,"http://localhost/maboutique/wp-content/uploads/2019/06/49504678ii_14_f.jpg, http://localhost/maboutique/wp-content/uploads/2019/06/49504678ii_14_d.jpg, http://localhost/maboutique/wp-content/uploads/2019/06/49504678ii_14_r.jpg, http://localhost/maboutique/wp-content/uploads/2019/06/49504678ii_14_f.jpg",,,,,,,,,0
434,simple,,"COSTUME SMOKING",1,0,visible,,"Au bureau, pour les voyages d’affaires ou les occasions formelles, les costumes Emporio Armani se prêtent à de nombreux looks grâce à leur design exclusif. Cet élégant smoking réalisé en pure laine froide stretch, se compose d’une veste à simple boutonnage, avec deux poches latérales passepoilées et un revers classique en satin de soie. Le pantalon, qui présente des queues de souris en satin, est doté de poches droites latérales, de poches passepoilées avec bouton au dos, et d’une fermeture zippée et bouton. Drop 7.",,,taxable,,1,,,0,0,,,,,1,,,1250,costumes,Armani,,"http://localhost/maboutique/wp-content/uploads/2019/06/49452901dm_14_f.jpg, http://localhost/maboutique/wp-content/uploads/2019/06/49452901dm_14_r.jpg, http://localhost/maboutique/wp-content/uploads/2019/06/49452901dm_14_f.jpg",,,,,,,,,0
437,simple,,"Costume coupe moderne",1,0,visible,"ceci est un beau costume","Au bureau, pour les voyages d’affaires ou les grandes occasions, les costumes Emporio Armani se prêtent à de nombreux looks grâce à leur design polyvalent exclusif. Ce modèle réalisé en laine froide effet cordura se compose d’une veste à simple boutonnage avec deux poches latérales à rabat, une poche poitrine pour pochette, un revers classique, des fentes latérales et des surpiqûres. Le pantalon présente des poches droites latérales, des poches passepoilées avec bouton au dos et une fermeture zippée avec bouton. Drop 7.",,,taxable,,1,,,0,0,,,,,1,,,1450,costumes,Armani,,"http://localhost/maboutique/wp-content/uploads/2019/06/49452890ts_14_f.jpg, http://localhost/maboutique/wp-content/uploads/2019/06/49452890ts_14_r.jpg, http://localhost/maboutique/wp-content/uploads/2019/06/49452890ts_14_f.jpg",,,,,,,,,0
440,simple,,"COSTUME TENDANCE MODERNE",1,0,visible,,"<div class=""compositionInfo""><span class=""label"">Composition</span> <span class=""text"">100% laine vierge</span></div>\n<div class=""detailsInfo"">\n<ul>\n 	<li>Serge de laine</li>\n 	<li>Fantaisie carreaux</li>\n 	<li>Manches longues</li>\n 	<li>Fermeture avec boutons</li>\n 	<li>Double fente postérieure</li>\n 	<li>Deux poches</li>\n 	<li>Trois poches intérieures</li>\n 	<li>Intérieur entièrement doublé</li>\n 	<li>Col avec revers</li>\n 	<li>Quatre poches</li>\n</ul>\n</div>",,,taxable,,1,,,0,0,,,,,1,,,,costumes,Armani,,"http://localhost/maboutique/wp-content/uploads/2019/06/49455046aa_14_f.jpg, http://localhost/maboutique/wp-content/uploads/2019/06/49455046aa_14_r.jpg, http://localhost/maboutique/wp-content/uploads/2019/06/49455046aa_14_f.jpg",,,,,,,,,0
444,simple,,"Smoking en pure laine",1,0,visible,"un tres beau costume en laine","<div class=""compositionInfo""><span class=""label"">Composition</span> <span class=""text"">100% laine vierge</span></div>\n<div class=""detailsInfo"">\n<ul>\n 	<li>Serge de laine</li>\n 	<li>Fermeture avec boutons</li>\n 	<li>Intérieur entièrement doublé</li>\n 	<li>Col avec revers</li>\n</ul>\n</div>",,,taxable,,1,,,0,0,,,,,1,,,920,costumes,Armani,,"http://localhost/maboutique/wp-content/uploads/2019/06/49442582be_14_f.jpg, http://localhost/maboutique/wp-content/uploads/2019/06/49442582be_14_r.jpg, http://localhost/maboutique/wp-content/uploads/2019/06/49442582be_14_f.jpg",,,,,,,,,0
447,simple,,"COSTUME CARREAUX",1,0,visible,"Un beau costume à carreaux Armani","<div class=""compositionInfo""><span class=""label"">Composition</span> <span class=""text"">100% laine vierge</span></div>\n<div class=""detailsInfo"">\n<ul>\n 	<li>Uni</li>\n 	<li>Fermeture avec fermeture éclair et agrafes</li>\n 	<li>2 boutons</li>\n</ul>\n</div>",,,taxable,,1,,,0,0,,,,,1,,,1120,costumes,Armani,,"http://localhost/maboutique/wp-content/uploads/2019/06/49469279uj_14_f.jpg, http://localhost/maboutique/wp-content/uploads/2019/06/49469279uj_14_r.jpg, http://localhost/maboutique/wp-content/uploads/2019/06/49469279uj_14_f.jpg",,,,,,,,,0
450,simple,,"COSTUME SIMPLE BOUTONNAGE",1,0,visible,"Un costume élégant pour l'administration","<div class=""compositionInfo""><span class=""label"">Composition</span> <span class=""text"">80% laine vierge, 19% Soie, 1% Élasthanne</span></div>\n<div class=""detailsInfo"">\n<ul>\n 	<li>Uni</li>\n 	<li>Fermeture avec fermeture éclair et agrafes</li>\n 	<li>2 boutons</li>\n</ul>\n</div>",,,taxable,,1,,,0,0,,,,,1,,,1025,costumes,Armani,,"http://localhost/maboutique/wp-content/uploads/2019/06/49469278cn_14_f.jpg, http://localhost/maboutique/wp-content/uploads/2019/06/49469278cn_14_r.jpg, http://localhost/maboutique/wp-content/uploads/2019/06/49469278cn_14_f.jpg",,,,,,,,,0
453,simple,,"COSTUME MILLE NUIT",1,0,visible,,"<div class=""compositionInfo""><span class=""label"">Composition</span> <span class=""text"">100% laine vierge</span></div>\n<div class=""detailsInfo"">\n<ul>\n 	<li>Serge de laine</li>\n 	<li>Manches longues</li>\n 	<li>Fantaisie carreaux</li>\n 	<li>Fermeture avec boutons</li>\n 	<li>Double fente postérieure</li>\n 	<li>Multipoches</li>\n 	<li>Trois poches intérieures</li>\n 	<li>Intérieur entièrement doublé</li>\n 	<li>Col avec revers</li>\n 	<li>Taille normale</li>\n 	<li>Quatre poches</li>\n</ul>\n</div>",,,taxable,,1,,,0,0,,,,,1,,,1400,costumes,Armani,,"http://localhost/maboutique/wp-content/uploads/2019/06/49454086al_14_f.jpg, http://localhost/maboutique/wp-content/uploads/2019/06/49454086al_14_r.jpg, http://localhost/maboutique/wp-content/uploads/2019/06/49454086al_14_f.jpg",,,,,,,,,0
456,simple,,"COSTUME LAINE FROIDE",1,0,visible,,"<div class=""compositionInfo""><span class=""label"">Composition</span> <span class=""text"">100% laine vierge</span></div>\n<div class=""detailsInfo"">\n<ul>\n 	<li>Serge de laine</li>\n 	<li>Fantaisie Prince de Galles</li>\n 	<li>Manches longues</li>\n 	<li>2 boutons</li>\n 	<li>Double fente postérieure</li>\n 	<li>Multipoches</li>\n 	<li>Trois poches intérieures</li>\n 	<li>Col avec revers</li>\n 	<li>Cinq poches</li>\n</ul>\n</div>",,,taxable,,1,,,0,0,,,,,1,,,900,costumes,Armani,,"http://localhost/maboutique/wp-content/uploads/2019/06/49454113uu_14_f.jpg, http://localhost/maboutique/wp-content/uploads/2019/06/49454113uu_14_r.jpg, http://localhost/maboutique/wp-content/uploads/2019/06/49454113uu_14_b.jpg, http://localhost/maboutique/wp-content/uploads/2019/06/49454113uu_14_e.jpg, http://localhost/maboutique/wp-content/uploads/2019/06/49454113uu_14_f.jpg",,,,,,,,,0
461,simple,,"COSTUME LAINE BLANC",1,0,visible,"Beau costume pour les soirée et le fêtes","<div class=""compositionInfo""><span class=""label"">Composition</span> <span class=""text"">100% laine vierge</span></div>\n<div class=""detailsInfo"">\n<ul>\n 	<li>Serge de laine</li>\n 	<li>Pinces</li>\n 	<li>Couleur unie de base</li>\n 	<li>Manches longues</li>\n 	<li>Fermeture avec fermeture éclair et boutons</li>\n 	<li>2 boutons</li>\n 	<li>Double fente postérieure</li>\n 	<li>Trois poches avant</li>\n 	<li>Trois poches intérieures</li>\n 	<li>Intérieur entièrement doublé</li>\n 	<li>Col avec revers</li>\n 	<li>Taille normale</li>\n 	<li>Quatre poches</li>\n</ul>\n</div>",,,taxable,,1,,,0,0,,,,,1,,,1350,costumes,Armani,,"http://localhost/maboutique/wp-content/uploads/2019/06/49452842xv_14_e.jpg, http://localhost/maboutique/wp-content/uploads/2019/06/49452842xv_14_r.jpg, http://localhost/maboutique/wp-content/uploads/2019/06/49452842xv_14_f.jpg, http://localhost/maboutique/wp-content/uploads/2019/06/49452842xv_14_a.jpg, http://localhost/maboutique/wp-content/uploads/2019/06/49452842xv_14_d.jpg",,,,,,,,,0
467,simple,,"COSTUME DROIT MARRON",1,0,visible,"Costume marron droit de coupe très chic","<div class=""compositionInfo""><span class=""label"">Composition</span> <span class=""text"">100% coton</span></div>\n<div class=""detailsInfo"">\n<ul>\n 	<li>Pinces</li>\n 	<li>Couleur unie de base</li>\n 	<li>Manches longues</li>\n 	<li>Fermeture avec fermeture éclair et agrafes</li>\n 	<li>2 boutons</li>\n 	<li>Double fente postérieure</li>\n 	<li>Deux poches</li>\n 	<li>Deux poches internes</li>\n 	<li>Intérieur entièrement doublé</li>\n 	<li>Col avec revers</li>\n 	<li>Taille normale</li>\n 	<li>Resserré en bas de jambe</li>\n 	<li>Petite poche</li>\n 	<li>Toile</li>\n</ul>\n</div>",,,taxable,,1,,,0,0,,,,,1,,,1520,costumes,Armani,,"http://localhost/maboutique/wp-content/uploads/2019/06/49478180pj_14_e.jpg, http://localhost/maboutique/wp-content/uploads/2019/06/49478180pj_14_f.jpg, http://localhost/maboutique/wp-content/uploads/2019/06/49478180pj_14_r.jpg, http://localhost/maboutique/wp-content/uploads/2019/06/49478180pj_14_e.jpg",,,,,,,,,0
471,simple,,"COSTUME PLANE SLIM",1,0,visible,"Un beau costume en laine de la marque celio","Un beau costume slim de la marque celio , il est fabriquer en laine , il est très confortable .\n\n&nbsp;",,,taxable,,1,,,0,0,,,,,1,,123,150,costumes,celio,,"http://localhost/maboutique/wp-content/uploads/2019/06/product-media-import-1047099-3-product.jpg, http://localhost/maboutique/wp-content/uploads/2019/06/product-media-import-LOOK-COSTUME-MUPLANEBLEU-1-product.jpg, http://localhost/maboutique/wp-content/uploads/2019/06/product-media-import-1047099-2-product.jpg, http://localhost/maboutique/wp-content/uploads/2019/06/product-media-import-1047099-4-product.jpg",,,,,,,,,0
476,simple,,"COSTUME AMAURY MARINE",1,0,visible,"un costume marin très beau","<div>\n<div>Lorem ipsum dolor sit amet consectetur adipisicing elit. Sequi id dolorem sit, laboriosam animi nesciunt quas vitae, magnam nemo aliquid asperiores! Facere ipsum, quas qui at magnam consequuntur modi? Quos?Nam unde corporis magni placeat veritatis. Illo asperiores nihil provident facilis quaerat odit placeat dolorem autem totam distinctio exercitationem, eveniet nesciunt. Quasi vel minus expedita dicta, fuga voluptatibus error? Commodi?</div>\n</div>",,,taxable,,1,,,0,0,,,,,1,,199,215,costumes,celio,,"http://localhost/maboutique/wp-content/uploads/2019/06/product-media-import-LOOK-COSTUME-NUAMAURYMARINE-1-product.jpg, http://localhost/maboutique/wp-content/uploads/2019/06/product-media-import-1058700-3-product.jpg, http://localhost/maboutique/wp-content/uploads/2019/06/product-media-import-LOOK-COSTUME-NUAMAURYMARINE-1-product.jpg",,,,,,,,,0
479,simple,,"COSTUME PAUL ANTHRACITE",1,0,visible,"costume paul anthracite très élégant et confortable","<div>\n<div>Lorem ipsum dolor sit amet consectetur adipisicing elit. Sequi id dolorem sit, laboriosam animi nesciunt quas vitae, magnam nemo aliquid asperiores! Facere ipsum, quas qui at magnam consequuntur modi? Quos?Nam unde corporis magni placeat veritatis. Illo asperiores nihil provident facilis quaerat odit placeat dolorem autem totam distinctio exercitationem, eveniet nesciunt. Quasi vel minus expedita dicta, fuga voluptatibus error? Commodi?</div>\n</div>",,,taxable,,1,,,0,0,,,,,1,,,156,costumes,celio,,"http://localhost/maboutique/wp-content/uploads/2019/06/product-media-import-LOOK-COSTUME-NUPAULANTHRACITE-1-product.jpg, http://localhost/maboutique/wp-content/uploads/2019/06/product-media-import-1059747-3-product.jpg, http://localhost/maboutique/wp-content/uploads/2019/06/product-media-import-LOOK-COSTUME-NUPAULANTHRACITE-1-product.jpg",,,,,,,,,0
482,simple,,"COSTUME SKINNY",1,0,visible,"costume skinny taupe un très beau costume pour passer l'été en couleur .","<div>\n<div>Lorem ipsum dolor sit amet consectetur adipisicing elit. Sequi id dolorem sit, laboriosam animi nesciunt quas vitae, magnam nemo aliquid asperiores! Facere ipsum, quas qui at magnam consequuntur modi? Quos?Nam unde corporis magni placeat veritatis. Illo asperiores nihil provident facilis quaerat odit placeat dolorem autem totam distinctio exercitationem, eveniet nesciunt. Quasi vel minus expedita dicta, fuga voluptatibus error? Commodi?</div>\n</div>",,,taxable,,1,,,0,0,,,,,1,,145,170,costumes,celio,,"http://localhost/maboutique/wp-content/uploads/2019/06/product-media-import-LOOK-COSTUME-MUSKINNYTAUPE-1-product.jpg, http://localhost/maboutique/wp-content/uploads/2019/06/costumet.jpg, http://localhost/maboutique/wp-content/uploads/2019/06/product-media-import-LOOK-COSTUME-MUSKINNYTAUPE-1-product.jpg",,,,,,,,,0
485,simple,,"Chemise coupe classique",1,0,visible,"Ligne Exclusive  Coupe Classique  Col Italien  Poignets Mousquetaires","Ligne Exclusive  Coupe Classique  Col Italien  Poignets Mousquetaires\n\nCette chemise de la ligne « Exclusive » est à l’origine de la marque CAFE COTON. Son tissage en chevron, reconnu pour son armure sergée et ses rayures obliques, lui confère une qualité irréprochable et un toucher singulier. Déclinée avec une teinte bleu ciel, elle offre une allure intemporelle résolument élégante. Sa coupe classique vous procurera une liberté de mouvement insoupçonnée.",,,taxable,,1,,,0,0,,,,,1,,,"90,00",chemises,"CAFE COTON",,"http://localhost/maboutique/wp-content/uploads/2019/06/chemise-coupe-classique-en-chevron-ciel.jpg, http://localhost/maboutique/wp-content/uploads/2019/06/chemise-coupe-classique-en-chevron-ciel-1-1.jpg, http://localhost/maboutique/wp-content/uploads/2019/06/chemise-coupe-classique-en-chevron-ciel.jpg, http://localhost/maboutique/wp-content/uploads/2019/06/chemise-coupe-classique-en-chevron-ciel-1.jpg",,,,,,,,,0
491,simple,,"CHEMISE COUPE CINTRÉE MARINE",1,0,visible,"Ligne Exclusive  Coupe Cintrée  Col Italien  Poignets Simples","Emblématique, cette chemise « Exclusive » est à l’origine de la marque CAFE COTON. Réalisée dans les plus beaux cotons d’Egypte, elle est  très attrayante au regard des nombreuses constructions, couleurs et motifs proposés. Elle s’accorde en toute simplicité à vos tenues quel que soit l’occasion. Sa coupe cintrée inspire une silhouette contemporaine.",,,taxable,,1,,,0,0,,,,,1,,78,85,chemises,"CAFE COTON",,"http://localhost/maboutique/wp-content/uploads/2019/06/chemise-coupe-cintree-marine-a-micro-dessins.jpg, http://localhost/maboutique/wp-content/uploads/2019/06/chemise-coupe-classique-en-chevron-ciel-2.jpg, http://localhost/maboutique/wp-content/uploads/2019/06/chemise-coupe-cintree-marine-a-micro-dessins-1.jpg, http://localhost/maboutique/wp-content/uploads/2019/06/chemise-coupe-cintree-marine-a-micro-dessins.jpg",,,,,,,,,0
495,simple,,"CHEMISE COUPE CINTRÉE EN NATTÉ",1,0,visible,"Ligne Exclusive  Coupe Cintrée  Col Italien  Poignets Simples","Emblématique, cette chemise « Exclusive » est à l’origine de la marque CAFE COTON. Réalisée dans les plus beaux cotons d’Egypte, elle est  très attrayante au regard des nombreuses constructions, couleurs et motifs proposés. Elle s’accorde en toute simplicité à vos tenues quel que soit l’occasion. Sa coupe cintrée inspire une silhouette contemporaine.",,,taxable,,1,,,0,0,,,,,1,,,99,chemises,"CAFE COTON",,"http://localhost/maboutique/wp-content/uploads/2019/06/chemise-coupe-cintree-en-natte-ciel-et-bleu3.jpg, http://localhost/maboutique/wp-content/uploads/2019/06/chemise-coupe-cintree-en-natte-ciel-et-bleu5.jpg, http://localhost/maboutique/wp-content/uploads/2019/06/chemise-coupe-cintree-en-natte-ciel-et-bleu4.jpg, http://localhost/maboutique/wp-content/uploads/2019/06/chemise-coupe-cintree-en-natte-ciel-et-bleu3.jpg",,,,,,,,,0
499,simple,,"CHEMISE COUPE CINTRÉE À RAYURES",1,0,visible,"Ligne Exclusive  Coupe Cintrée  Col Italien  Poignets Simples","Emblématique, cette chemise « Exclusive » est à l’origine de la marque CAFE COTON. Réalisée dans les plus beaux cotons d’Egypte, elle est  très attrayante au regard des nombreuses constructions, couleurs et motifs proposés. Elle s’accorde en toute simplicité à vos tenues quel que soit l’occasion. Sa coupe cintrée inspire une silhouette contemporaine.",,,taxable,,1,,,0,0,,,,,1,,,75,chemises,"CAFE COTON",,"http://localhost/maboutique/wp-content/uploads/2019/06/chemise-coupe-cintree-a-rayures-bleu4.jpg, http://localhost/maboutique/wp-content/uploads/2019/06/chemise-coupe-cintree-a-rayures-bleu6.jpg, http://localhost/maboutique/wp-content/uploads/2019/06/chemise-coupe-cintree-a-rayures-bleu5.jpg, http://localhost/maboutique/wp-content/uploads/2019/06/chemise-coupe-cintree-a-rayures-bleu4.jpg",,,,,,,,,0
504,simple,,"CHEMISE COUPE CINTRÉE EN CHEVRON",1,0,visible,"Ligne Exclusive  Coupe Cintrée  Col Italien  Poignets Simples","<div class=""description"">\n<div class=""toggle"">\n\nCette chemise de la ligne « Exclusive » est à l’origine de la marque CAFE COTON. Son tissage en chevron, reconnu pour son armure sergée et ses rayures obliques, lui confère une qualité irréprochable et un toucher singulier. Déclinée avec une teinte blanche, elle offre une allure intemporelle résolument élégante.  Sa coupe cintrée inspire une silhouette contemporaine.\n\n</div>\n</div>\n<div class=""product-price-container""></div>",,,taxable,,1,,,0,0,,,,,1,,,"90,00",chemises,"CAFE COTON",,"http://localhost/maboutique/wp-content/uploads/2019/06/chemise-coupe-cintree-en-chevron-blanc6.jpg, http://localhost/maboutique/wp-content/uploads/2019/06/chemise-coupe-cintree-en-chevron-blanc5.jpg, http://localhost/maboutique/wp-content/uploads/2019/06/chemise-coupe-cintree-en-chevron-blanc4.jpg, http://localhost/maboutique/wp-content/uploads/2019/06/chemise-coupe-cintree-en-chevron-blanc6.jpg",,,,,,,,,0
508,simple,,"CHEMISE COUPE CINTRÉE  ROSE",1,0,visible,"Ligne Exclusive  Coupe Cintrée  Col Italien  Poignets Simples","Cette chemise de la ligne « Exclusive » est à l’origine de la marque CAFE COTON. Son tissage en chevron, reconnu pour son armure sergée et ses rayures obliques, lui confère une qualité irréprochable et un toucher singulier. Déclinée avec une teinte rose, elle offre une allure intemporelle résolument élégante. Sa coupe cintrée inspire une silhouette contemporaine.",,,taxable,,1,,,0,0,,,,,1,,,"88,00",chemises,"CAFE COTON",,"http://localhost/maboutique/wp-content/uploads/2019/06/chemise-coupe-cintree-en-chevron-rose5.jpg, http://localhost/maboutique/wp-content/uploads/2019/06/chemise-coupe-cintree-en-chevron-rose3.jpg, http://localhost/maboutique/wp-content/uploads/2019/06/chemise-coupe-cintree-en-chevron-rose4.jpg, http://localhost/maboutique/wp-content/uploads/2019/06/chemise-coupe-cintree-en-chevron-rose5.jpg",,,,,,,,,0
512,simple,,"CHEMISE COUPE CINTRÉE À CARREAUX PARME",1,0,visible,"Ligne Exclusive  Coupe Cintrée  Col Italien  Poignets Simples","Cette chemise de la ligne « Exclusive », est à l’origine de la marque CAFE COTON. Son tissage en Twill, reconnu par ses fines lignes diagonales lui confère une résistance et une douceur inégalée. Déclinée avec un motif à micro carreaux parme, elle dévoile une teinte résolument estivale. Sa coupe cintrée inspire une silhouette contemporaine.",,,taxable,,1,,,0,0,,,,,1,,,95,chemises,cafe,,"http://localhost/maboutique/wp-content/uploads/2019/06/chemise-coupe-cintree-a-carreaux-parme4.jpg, http://localhost/maboutique/wp-content/uploads/2019/06/chemise-coupe-cintree-a-carreaux-parme5.jpg, http://localhost/maboutique/wp-content/uploads/2019/06/chemise-coupe-cintree-a-carreaux-parme7.jpg, http://localhost/maboutique/wp-content/uploads/2019/06/chemise-coupe-cintree-a-carreaux-parme4.jpg",,,,,,,,,0
516,simple,,"CHEMISE COUPE CINTRÉE À CARREAUX CIEL",1,0,visible,"Ligne Exclusive  Coupe Cintrée  Col Italien  Poignets Simples","Cette chemise de la ligne « Exclusive », est à l’origine de la marque CAFE COTON. Son tissage en Twill, reconnu par ses fines lignes diagonales lui confère une résistance et une douceur inégalée. Déclinée avec un motif à micro carreaux bleu ciel, elle dévoile une teinte résolument estivale. Sa coupe cintrée inspire une silhouette contemporaine.",,,taxable,,1,,,0,0,,,,,1,,,77,chemises,"CAFE COTON",,"http://localhost/maboutique/wp-content/uploads/2019/06/chemise-coupe-cintree-a-carreaux-ciel3.jpg, http://localhost/maboutique/wp-content/uploads/2019/06/chemise-coupe-cintree-a-carreaux-ciel4.jpg, http://localhost/maboutique/wp-content/uploads/2019/06/chemise-coupe-cintree-a-carreaux-ciel5.jpg",,,,,,,,,0
520,simple,,"CHEMISE COUPE CLASSIQUE CHINÉ GRIS",1,0,visible,"Ligne Exclusive Coupe Classique Col Italien Poignets Simples","<div class=""description"">\n<div class=""toggle"">\n\nCette chemise de la ligne « Exclusive » est à l’origine de la marque CAFE COTON. Réalisée à partir d'un tissage Pin Point, elle met en lumière des fils chinés subtils et raffinés. Déclinée avec un motif Vichy à carreaux gris, elle dévoile une teinte résolument estivale. Sa coupe classique intemporelle vous procurera une liberté de mouvement insoupçonnée.\n\n</div>\n</div>\n<div class=""product-price-container""></div>",,,taxable,,1,,,0,0,,,,,1,,,90,chemises,"CAFE COTON",,"http://localhost/maboutique/wp-content/uploads/2019/06/chemise-coupe-classique-a-carreaux-en-pin-point-chine-gris6.jpg, http://localhost/maboutique/wp-content/uploads/2019/06/chemise-coupe-classique-a-carreaux-en-pin-point-chine-gris5.jpg, http://localhost/maboutique/wp-content/uploads/2019/06/chemise-coupe-classique-a-carreaux-en-pin-point-chine-gris4.jpg, http://localhost/maboutique/wp-content/uploads/2019/06/chemise-coupe-classique-a-carreaux-en-pin-point-chine-gris6.jpg",,,,,,,,,0
524,simple,,"CHEMISE COUPE CLASSIQUE",1,0,visible,"Ligne Exclusive Coupe Classique Col Italien Poignets Simples","<div class=""description"">\n<div class=""toggle"">\n\nCette chemise de la ligne « Exclusive », est à l’origine de la marque CAFE COTON. Son tissage en Twill, reconnu par ses fines lignes diagonales lui confère une résistance et une douceur inégalée. Déclinée avec un motif à micro carreaux rose, elle dévoile une teinte résolument estivale. Sa coupe classique intemporelle vous procurera une liberté de mouvement insoupçonnée.\n\n</div>\n</div>\n<div class=""product-price-container""></div>",,,taxable,,1,,,0,0,,,,,1,,,95,chemises,"CAFE COTON",,"http://localhost/maboutique/wp-content/uploads/2019/06/chemise-coupe-classique-a-carreaux-rose6.jpg, http://localhost/maboutique/wp-content/uploads/2019/06/chemise-coupe-classique-a-carreaux-rose4.jpg, http://localhost/maboutique/wp-content/uploads/2019/06/chemise-coupe-classique-a-carreaux-rose5.jpg, http://localhost/maboutique/wp-content/uploads/2019/06/chemise-coupe-classique-a-carreaux-rose6.jpg",,,,,,,,,0
529,simple,,"CHEMISE COUPE CLASSIQUE MARINE",1,0,visible,"Ligne Exclusive Coupe Classique Col Italien Poignets Simples","Cette chemise « Exclusive », est à l’origine de la marque CAFE COTON. Son tissage compact, réalisé dans une popeline de coton d'une rare finesse, lui confère une qualité irréprochable et un toucher singulier. Habillée d'un imprimée à fleurs bicolore, elle offre une teinte profonde résolument moderne. Sa coupe classique intemporelle vous procurera une liberté de mouvement insoupçonnée.\n<ul>\n 	<li>Fabriquée avec les plus beaux cotons d'Egypte</li>\n 	<li>7 contrôles de qualité sur le site de fabrication</li>\n 	<li>Coupe classique</li>\n 	<li>Tissu teint en fil</li>\n 	<li>Carreaux et rayures sont raccordés</li>\n 	<li>Pattes capucin</li>\n 	<li>Dernière boutonnière à l'horizontale</li>\n 	<li>Baleines de col amovibles</li>\n</ul>",,,taxable,,1,,,0,0,,,,,1,,80,95,chaussures,"CAFE COTON",,"http://localhost/maboutique/wp-content/uploads/2019/06/chemise-coupe-classique-marine-a-imprimes-fleurs6.jpg, http://localhost/maboutique/wp-content/uploads/2019/06/chemise-coupe-classique-marine-a-imprimes-fleurs4.jpg, http://localhost/maboutique/wp-content/uploads/2019/06/chemise-coupe-classique-marine-a-imprimes-fleurs5.jpg, http://localhost/maboutique/wp-content/uploads/2019/06/chemise-coupe-classique-marine-a-imprimes-fleurs6.jpg",,,,,,,,,0
